class,R_mean,G_mean,B_mean,R_contrast,G_contrast,B_contrast,shared_freq,shared_angle,curve_complexity
3,34.351502445842065,25.39308176100629,12.251921733053809,13.648497554157935,70.60691823899371,23.74807826694619,1.0,90.0,0.6118555828497068
13,45.262555066079294,27.49295154185022,28.74625550660793,44.737444933920706,66.50704845814978,66.8037444933918,2.0,0.0,0.7029162451926655
14,51.51087547580207,31.553289831430124,8.36568787384448,28.489124524197933,91.44671016856988,15.63431212615552,1.0,90.0,0.5782411226706798
15,29.741442542787286,23.358190709046454,8.64119804400978,18.258557457212714,64.89180929095355,12.60880195599022,1.0,90.0,0.6514215212663788
18,64.1235847769745,20.868503614786523,9.197517391897422,52.876415223025504,56.13149638521348,22.80248260810258,1.0,0.0,0.7739419841407373
19,40.35174013921114,24.591183294663573,8.435266821345708,30.648259860788862,61.40881670533643,14.564733178654292,1.0,90.0,0.7295610437930311
20,49.88278092158448,24.444624090541634,7.867421180274858,26.117219078415523,64.55537590945836,17.13257881972514,1.0,90.0,0.7156405261169748
21,47.50804289544236,27.099195710455763,8.82372654155496,28.491957104557642,64.90080428954424,17.626273458445084,2.0,0.0,0.7048721577000548
23,31.966131907308377,34.58288770053476,10.35650623885918,13.033868092691623,70.41711229946523,23.643493761140817,2.0,90.0,0.7431084574379949
24,41.20051413881748,31.825192802056556,10.394601542416453,28.799485861182518,77.47480719794339,15.755398457583524,1.0,90.0,0.4876499074035575
25,36.475895704370664,28.43125117238792,16.501406865503657,20.524104295629336,92.56874882761208,50.498593134496346,2.0,90.0,0.6355755401020042
27,105.5982404692082,21.19648093841642,7.13782991202346,35.40175953079179,67.80351906158359,7.86217008797654,1.0,0.0,0.6708084592013243
28,42.7196261682243,22.80373831775701,22.80607476635514,20.280373831775698,57.7962616822429,110.84392523364484,1.0,0.0,0.7397416241622244
31,47.17320913728099,24.751829673985362,8.162563761366156,32.82679086271901,62.24817032601464,12.437436238633298,1.0,90.0,0.466576955990874
34,80.63463687150838,27.95418994413408,12.09050279329609,82.66536312849158,73.04581005586593,25.209497206703865,1.0,0.0,0.6903678914267445
35,75.55846422338568,18.44153577661431,7.322862129144852,29.841535776614293,70.95846422338568,12.677137870855148,2.0,0.0,0.7182515845432507
37,36.21341463414634,16.222560975609756,50.2530487804878,21.436585365853638,42.427439024390225,155.99695121951208,1.0,0.0,0.5352469535176432
38,55.99553470067358,16.72852493756149,10.426284719594339,45.00446529932642,53.27147506243851,24.57371528040566,1.0,90.0,0.6549394002100888
39,31.410712481051036,28.686508337544215,10.869226882263769,15.589287518948964,124.31349166245579,20.130773117736233,2.23606797749979,63.43494882292201,0.7312467645328387
41,75.01264755480607,20.04468802698145,10.863406408094436,43.987352445193935,58.45531197301855,27.136593591905566,1.0,90.0,0.7478207971126223
51,40.853994490358126,24.382001836547293,6.256198347107438,23.146005509641874,70.21799816345262,12.74380165289256,1.0,90.0,0.709213514008148
53,69.41592039800994,23.29900497512438,8.365671641791044,65.13407960199001,72.70099502487562,14.634328358208956,3.0,0.0,0.696286488093478
54,46.25799648506151,26.51072056239016,8.23409490333919,15.742003514938489,86.48927943760984,17.76590509666081,1.0,0.0,0.6285578667495992
55,52.823232323232325,24.631944444444443,7.36300505050505,28.176767676767675,61.36805555555556,14.63699494949495,3.0,90.0,0.7674009566814013
56,63.62157022548221,14.126596033686498,6.790002716653083,31.37842977451779,47.873403966313504,12.209997283346917,1.0,0.0,0.6091927449795518
58,41.86178861788618,22.57859078590786,7.72289972899729,20.138211382113823,69.42140921409214,18.52710027100271,3.0,90.0,0.7869181356944797
68,30.39877855688758,25.299479755711378,7.414612078715223,20.60122144311242,69.70052024428863,12.585387921284777,2.23606797749979,63.43494882292201,0.7408196154057185
70,36.39353099730458,44.42273135669362,36.723270440251575,35.60646900269542,74.57726864330638,118.77672955974842,1.0,90.0,0.6984933325942155
76,19.00506756756757,10.224662162162161,20.048986486486488,86.99493243243244,53.575337837837566,92.30101351351331,1.0,90.0,0.5861969873301973
78,55.67238346525946,24.579595426561127,8.507036059806508,30.327616534740542,71.42040457343887,19.49296394019349,2.0,90.0,0.7112945805057199
80,37.64159702878366,27.88765088207985,8.909935004642525,13.358402971216343,76.11234911792015,19.090064995357473,1.0,90.0,0.7644554320789428
86,66.10290827740492,21.478747203579417,8.017897091722595,21.89709172259508,70.52125279642058,20.332102908277314,1.4142135623730951,45.0,0.714130449395857
92,32.200156985871274,23.824175824175825,6.786499215070644,18.799843014128726,63.175824175824175,12.213500784929355,1.0,0.0,0.749587396600949
96,39.05492957746479,25.38450704225352,10.05774647887324,18.94507042253521,72.61549295774648,12.94225352112676,1.0,0.0,0.7393973332662263
99,25.945671641791044,14.227462686567165,41.53671641791045,14.054328358208956,38.772537313432835,175.46328358208956,2.0,0.0,0.6025233529153597
102,93.54335563426473,32.46635182998819,11.692115964843238,118.45664436573527,105.53364817001182,23.30788403515676,1.0,90.0,0.6653847557765136
103,48.7239165329053,25.591492776886035,8.156500802568218,42.2760834670947,92.15850722311396,13.843499197431782,1.0,90.0,0.7027845950851204
107,54.558238993710695,24.787169811320755,8.839245283018869,18.441761006289305,85.21283018867925,22.16075471698113,1.0,0.0,0.651403039247723
120,54.210999150176036,30.09457326696613,8.054267330338716,32.789000849823964,73.90542673303386,13.945732669661284,1.0,90.0,0.7325133956842111
124,38.70183486238532,31.877420998980632,8.226044852191642,16.29816513761468,76.12257900101937,14.773955147808358,1.0,90.0,0.7064423272663948
130,56.597201210287444,17.77231467473525,6.768910741301059,31.252798789712465,65.22768532526476,15.23108925869894,1.0,90.0,0.7110489850017341
132,39.06666666666667,27.95613463626493,9.328121606948969,22.93333333333333,78.84386536373525,19.471878393051213,1.0,90.0,0.6716084318836615
134,51.55989813994685,29.107285208148806,10.83846324180691,25.440101860053147,77.89271479185119,21.16153675819309,5.0,0.0,0.763931146996126
135,38.18149466192171,22.912811387900355,6.903914590747331,16.76850533807822,59.03718861209958,13.046085409252601,1.0,0.0,0.7481212810892282
143,61.62210242587601,19.88409703504043,6.773584905660377,41.37789757412399,63.115902964959574,15.226415094339622,1.0,90.0,0.6639572322083913
154,103.89754370435938,30.31024562956406,8.344047355609648,69.10245629564062,74.93975437043594,13.655952644390352,1.0,90.0,0.6909246568879741
161,37.6665062560154,15.801251203079884,20.96679499518768,46.48349374398446,58.198748796920114,88.18320500481218,2.23606797749979,63.43494882292201,0.7551613360138328
163,62.48275862068966,21.368275862068966,8.702068965517242,20.51724137931034,70.43172413793098,23.897931034482667,2.23606797749979,26.56505117707799,0.73975728571899
164,115.02978235967927,13.794959908361971,8.711340206185566,36.3702176403207,59.205040091638026,13.288659793814434,1.0,0.0,0.5468909874377049
165,53.98687845303867,21.401588397790054,9.087707182320441,27.26312154696133,61.84841160220995,20.912292817679557,4.242640687119285,45.0,0.7540046337854125
166,53.0,39.29032258064516,11.96774193548387,20.5,66.20967741935485,16.032258064516128,3.605551275463989,33.690067525979785,0.722748388003202
168,61.42901716068643,14.77483099323973,6.919916796671867,28.570982839313572,51.12516900676013,17.080083203328133,1.0,90.0,0.6746849943182884
170,62.03387381602183,23.684218975758547,8.44918927596725,21.96612618397817,80.31578102424146,21.55081072403275,4.0,0.0,0.7418816794687315
174,53.9447895100069,27.814814814814813,9.65930526800092,60.0552104899931,69.18518518518519,13.34069473199908,1.0,90.0,0.7274488755330751
176,108.41855129465749,27.544411668305475,9.108379766196876,78.58144870534251,74.45558833169453,14.891620233803124,1.0,90.0,0.4970983656585056
177,35.79359430604982,24.01423487544484,8.604982206405694,13.206405693950181,56.98576512455516,17.395017793594306,2.8284271247461903,45.0,0.7244306516698134
178,62.13072227873855,17.604272634791453,7.097151576805697,24.869277721261447,60.39572736520854,11.902848423194303,1.0,0.0,0.617879167724408
