class,R_freq,R_angle,R_min,R_max,G_freq,G_angle,G_min,G_max,B_freq,B_angle,B_min,B_max,area_px,centroid_x,centroid_y,y0,y1,x0,x1,bbox_h,bbox_w,R_mean,R_p95,R_contrast,G_mean,G_p95,G_contrast,B_mean,B_p95,B_contrast,driver_channel,driver_corr,top1_freq,top1_angle,top1_coef,top1_score,top2_freq,top2_angle,top2_coef,top2_score,top3_freq,top3_angle,top3_coef,top3_score,top4_freq,top4_angle,top4_coef,top4_score,top5_freq,top5_angle,top5_coef,top5_score,curve_complexity
3,2.0,90.0,2.0,82.0,1.0,90.0,0.0,234.0,3.0,0.0,0.0,255.0,2862,369.3857442348008,73.0461215932914,41,123,332,397,82,65,34.351502445842065,48.0,13.648497554157935,25.39308176100629,96.0,70.60691823899371,12.251921733053809,36.0,23.74807826694619,G,14368.082234329031,1.0,90.0,-283.5185137734428,141.7592568867214,2.0,90.0,-263.8752939750819,87.95843132502729,1.0,0.0,-132.61689459091463,66.30844729545731,3.0,90.0,-155.72162696209077,38.93040674052269,4.123105625617661,75.96375653207353,155.0581071584187,30.266427922755216,0.6118555828497068
13,1.0,0.0,7.0,242.0,2.8284271247461903,45.0,0.0,202.0,2.0,0.0,0.0,255.0,2270,498.17224669603524,609.6709251101322,589,626,449,549,37,100,45.262555066079294,90.0,44.737444933920706,27.49295154185022,94.0,66.50704845814978,28.74625550660793,95.54999999999973,66.8037444933918,B,14193.762722465384,2.0,0.0,-310.38093699378766,103.46031233126256,1.0,90.0,133.60483731033742,66.80241865516871,4.0,0.0,330.8178064859121,66.16356129718243,3.0,90.0,-246.79363091297301,61.698407728243254,3.0,0.0,-200.51324665110533,50.12831166277633,0.7029162451926655
14,1.0,0.0,0.0,135.0,1.0,90.0,0.0,255.0,1.0,90.0,0.0,254.0,3678,225.93257205002718,525.3977705274606,475,581,199,254,106,55,51.51087547580207,80.0,28.489124524197933,31.553289831430124,123.0,91.44671016856988,8.36568787384448,24.0,15.63431212615552,G,14011.756382580586,1.0,90.0,247.88228920692563,123.94114460346282,2.23606797749979,26.56505117707799,-254.2841024902096,78.57810906885565,2.0,0.0,-123.32920414651952,41.109734715506505,2.23606797749979,63.43494882292201,83.33640272107027,25.752364690885326,2.8284271247461903,45.0,93.74268217365578,24.48595183325334,0.5782411226706798
15,1.0,90.0,0.0,70.0,1.0,90.0,0.0,214.0,1.0,90.0,0.0,255.0,1636,262.2622249388753,551.1876528117359,526,578,240,283,52,43,29.741442542787286,48.0,18.258557457212714,23.358190709046454,88.25,64.89180929095355,8.64119804400978,21.25,12.60880195599022,G,4321.082597667921,1.0,90.0,129.75108957631682,64.87554478815841,1.4142135623730951,45.0,-81.68407627795276,33.83465222424644,3.0,90.0,-128.23216637751645,32.05804159437911,2.23606797749979,63.43494882292201,-94.69310447314115,29.261778532322964,3.1622776601683795,71.56505117707799,108.571284278675,26.08458472572992,0.6514215212663788
18,1.0,0.0,8.0,200.0,1.0,0.0,0.0,175.0,1.0,90.0,0.0,255.0,7331,213.469922247988,375.639749011049,254,447,175,283,193,108,64.1235847769745,117.0,52.876415223025504,20.868503614786523,77.0,56.13149638521348,9.197517391897422,32.0,22.80248260810258,G,2990.164061578078,1.0,0.0,25.871712960048963,12.935856480024482,1.4142135623730951,45.0,27.9740155121098,11.587216619151222,2.23606797749979,26.56505117707799,-36.84120565466834,11.384558640554928,2.0,90.0,-33.56815962117922,11.189386540393073,3.0,90.0,-40.50638002869992,10.12659500717498,0.7739419841407373
19,1.0,0.0,10.0,145.0,1.0,90.0,0.0,185.0,1.0,0.0,0.0,244.0,2155,255.62877030162414,485.84872389791184,456,525,225,279,69,54,40.35174013921114,71.0,30.648259860788862,24.591183294663573,86.0,61.40881670533643,8.435266821345708,23.0,14.564733178654292,G,4216.170554275326,1.0,90.0,65.1193017721699,32.55965088608495,3.0,90.0,-127.02495372271537,31.75623843067884,1.0,0.0,51.57105732521754,25.78552866260877,2.0,0.0,45.60298275256556,15.200994250855187,2.8284271247461903,45.0,-57.78303483229609,15.093152605360583,0.7295610437930311
20,1.0,90.0,16.0,102.0,1.0,90.0,0.0,183.0,1.0,90.0,0.0,146.0,1237,432.86580436540015,327.6111560226354,276,377,419,451,101,32,49.88278092158448,76.0,26.117219078415523,24.444624090541634,89.0,64.55537590945836,7.867421180274858,25.0,17.13257881972514,G,1736.8529242165941,1.0,90.0,-37.03547138596714,18.51773569298357,2.8284271247461903,45.0,-50.82438723958866,13.275526889638291,3.605551275463989,56.309932474020215,-55.6972140604711,12.093495594587608,3.1622776601683795,18.43494882292201,44.88321793433418,10.783331050653283,5.0,90.0,-62.70467114944,10.450778524906667,0.7156405261169748
21,2.0,0.0,9.0,119.0,2.0,0.0,0.0,176.0,1.0,0.0,0.0,199.0,1492,499.83646112600536,411.29892761394103,396,425,464,538,29,74,47.50804289544236,76.0,28.491957104557642,27.099195710455763,92.0,64.90080428954424,8.82372654155496,26.450000000000045,17.626273458445084,G,5012.967168473613,2.0,0.0,-179.8074146021052,59.935804867368404,1.0,90.0,91.22507720561678,45.61253860280839,1.0,0.0,-90.1925469388643,45.09627346943215,3.0,0.0,109.02975363244357,27.257438408110893,3.605551275463989,56.309932474020215,-115.97770705072966,25.182155210951464,0.7048721577000548
23,1.0,90.0,13.0,62.0,2.0,90.0,0.0,193.0,1.0,90.0,0.0,135.0,561,280.68092691622104,591.1782531194295,577,606,267,296,29,29,31.966131907308377,45.0,13.033868092691623,34.58288770053476,105.0,70.41711229946523,10.35650623885918,34.0,23.643493761140817,G,2381.3062307324003,2.0,90.0,-159.401261925946,53.13375397531533,1.4142135623730951,45.0,-115.37933033693312,47.79168344308319,1.0,90.0,74.5377284775082,37.2688642387541,2.0,0.0,-104.37874210325069,34.792914034416896,1.0,0.0,67.69239038457715,33.846195192288576,0.7431084574379949
24,1.0,0.0,13.0,93.0,1.0,90.0,0.0,170.0,1.0,0.0,0.0,158.0,778,259.073264781491,597.8290488431877,581,615,244,277,34,33,41.20051413881748,70.0,28.799485861182518,31.825192802056556,109.29999999999995,77.47480719794339,10.394601542416453,26.149999999999977,15.755398457583524,G,6876.475927651218,1.0,90.0,340.4656035520126,170.2328017760063,1.0,0.0,146.5772386238225,73.28861931191125,2.0,90.0,-108.81025288434905,36.27008429478302,5.0,90.0,-161.8319308703809,26.971988478396813,2.0,0.0,76.4857710371508,25.4952570123836,0.4876499074035575
25,2.0,90.0,1.0,82.0,2.0,90.0,0.0,198.0,1.0,90.0,0.0,226.0,5331,442.0251359969987,228.57099981241794,196,267,377,539,71,162,36.475895704370664,57.0,20.524104295629336,28.43125117238792,121.0,92.56874882761208,16.501406865503657,67.0,50.498593134496346,G,44515.09989747478,2.0,90.0,-812.3783980948026,270.7927993649342,2.8284271247461903,45.0,557.7088322202168,145.67570807742376,1.0,90.0,-220.90639860129758,110.45319930064879,3.605551275463989,33.690067525979785,502.33304796313473,109.07120948567157,1.4142135623730951,45.0,-258.5063910418137,107.076853129642,0.6355755401020042
27,1.0,0.0,25.0,163.0,1.0,0.0,0.0,127.0,2.0,0.0,1.0,47.0,341,105.87096774193549,231.9824046920821,219,246,97,114,27,17,105.5982404692082,141.0,35.40175953079179,21.19648093841642,89.0,67.80351906158359,7.13782991202346,15.0,7.86217008797654,G,3258.6994671545744,1.0,0.0,-150.80194190662957,75.40097095331478,1.0,90.0,-115.41003981481181,57.705019907405905,2.23606797749979,63.43494882292201,134.70028070096726,41.624675883674634,2.23606797749979,26.56505117707799,126.50608186930381,39.092529189403294,3.605551275463989,33.690067525979785,-70.12290969773788,15.225736400182257,0.6708084592013243
28,1.0,90.0,0.0,73.0,1.0,0.0,0.0,136.0,1.0,0.0,0.0,254.0,428,345.6752336448598,276.9602803738318,265,289,332,360,24,28,42.7196261682243,63.0,20.280373831775698,22.80373831775701,80.59999999999991,57.7962616822429,22.80607476635514,133.64999999999998,110.84392523364484,B,3780.276018973083,1.0,0.0,123.5573877435852,61.7786938717926,2.23606797749979,26.56505117707799,-182.05470869156613,56.25799889167438,3.605551275463989,56.309932474020215,239.65913319725274,52.03701334822466,3.0,90.0,-144.60523907443311,36.15130976860828,2.0,90.0,-93.44836056365155,31.149453521217183,0.7397416241622244
31,1.0,90.0,12.0,152.0,1.0,90.0,0.0,238.0,1.0,90.0,0.0,189.0,4509,490.5489021956088,535.3719228210247,509,561,429,553,52,124,47.17320913728099,80.0,32.82679086271901,24.751829673985362,87.0,62.24817032601464,8.162563761366156,20.599999999999454,12.437436238633298,G,7961.74228065629,1.0,90.0,171.1819745297022,85.5909872648511,2.0,0.0,71.80552357377807,23.935174524592693,4.123105625617661,14.036243467926479,-93.0814536896066,18.168950728667507,2.0,90.0,-49.73670633977972,16.578902113259907,2.8284271247461903,45.0,-61.95197742912897,16.182096566154737,0.466576955990874
34,1.0,0.0,27.0,236.0,1.0,90.0,0.0,174.0,1.0,90.0,0.0,255.0,895,167.83240223463687,481.1519553072626,454,508,156,183,54,27,80.63463687150838,163.29999999999995,82.66536312849158,27.95418994413408,101.0,73.04581005586593,12.09050279329609,37.299999999999955,25.209497206703865,R,9105.581953868004,1.0,0.0,323.30050065102375,161.65025032551188,1.0,90.0,232.03427241519265,116.01713620759632,3.0,90.0,-370.3585246545806,92.58963116364515,2.0,0.0,252.34057451574722,84.1135248385824,2.23606797749979,63.43494882292201,-219.08647817317745,67.70144499326781,0.6903678914267445
35,1.0,0.0,27.0,141.0,2.0,0.0,0.0,182.0,1.0,0.0,0.0,184.0,573,199.17452006980804,535.9232111692845,514,562,178,218,48,40,75.55846422338568,105.39999999999998,29.841535776614293,18.44153577661431,89.39999999999998,70.95846422338568,7.322862129144852,20.0,12.677137870855148,G,1331.3882817805625,2.0,0.0,-48.33416295591169,16.111387651970563,1.4142135623730951,45.0,-26.987496120451897,11.178586907582464,2.0,90.0,-30.286925394506653,10.095641798168884,5.0,53.13010235415598,60.2545212733709,10.042420212228484,5.385164807134504,21.80140948635181,62.29085676027557,9.755559745407744,0.7182515845432507
37,1.0,0.0,0.0,97.0,1.0,90.0,0.0,126.0,1.0,0.0,0.0,255.0,328,511.4085365853659,205.6798780487805,194,220,494,529,26,35,36.21341463414634,57.64999999999998,21.436585365853638,16.222560975609756,58.64999999999998,42.427439024390225,50.2530487804878,206.2499999999999,155.99695121951208,B,7322.159308623117,1.0,0.0,397.40264040469617,198.70132020234809,1.0,90.0,189.6653178868552,94.8326589434276,5.0,0.0,-278.61516968917385,46.43586161486231,3.0,0.0,-181.79656288501565,45.44914072125391,3.1622776601683795,18.43494882292201,-175.32656337834612,42.122745691899254,0.5352469535176432
38,1.0,90.0,0.0,255.0,1.0,90.0,0.0,205.0,1.0,90.0,0.0,255.0,26426,305.2784757435859,332.79225005676227,129,567,146,547,438,401,55.99553470067358,101.0,45.00446529932642,16.72852493756149,70.0,53.27147506243851,10.426284719594339,35.0,24.57371528040566,G,22834.476960120865,1.0,90.0,-75.6250454770962,37.8125227385481,3.1622776601683795,71.56505117707799,82.15865632449783,19.738869684434796,5.0990195135927845,11.309932474020213,-119.48784432144083,19.591320220428912,1.0,0.0,36.987294279854595,18.493647139927297,4.123105625617661,14.036243467926479,71.44635513980492,13.945907104187626,0.6549394002100888
39,2.0,0.0,11.0,87.0,2.23606797749979,63.43494882292201,0.0,255.0,1.0,90.0,0.0,207.0,9895,389.15977766548764,203.2600303183426,152,257,309,540,105,231,31.410712481051036,47.0,15.589287518948964,28.686508337544215,153.0,124.31349166245579,10.869226882263769,31.0,20.130773117736233,G,47261.11788902495,2.23606797749979,63.43494882292201,-479.73799958633384,148.24719471961865,2.8284271247461903,45.0,-530.0489082414718,138.45082875297308,4.0,90.0,-474.8812047686764,94.97624095373529,1.0,0.0,172.44721481797745,86.22360740898873,2.23606797749979,26.56505117707799,270.9008164561744,83.71295607500632,0.7312467645328387
41,1.0,0.0,0.0,143.0,1.0,90.0,0.0,216.0,2.0,90.0,0.0,255.0,1186,250.53709949409782,419.67369308600337,390,444,235,274,54,39,75.01264755480607,119.0,43.987352445193935,20.04468802698145,78.5,58.45531197301855,10.863406408094436,38.0,27.136593591905566,G,2187.132751021253,1.0,90.0,-40.967802232203056,20.483901116101528,1.0,0.0,-34.98694050163556,17.49347025081778,2.0,0.0,-47.10136568829836,15.700455229432785,5.0,0.0,-84.26785585595253,14.044642642658756,5.0,90.0,81.03053939853528,13.50508989975588,0.7478207971126223
51,1.0,90.0,15.0,118.0,1.0,90.0,0.0,176.0,1.0,90.0,0.0,87.0,1089,499.4820936639118,367.8172635445363,336,397,488,512,61,24,40.853994490358126,64.0,23.146005509641874,24.382001836547293,94.59999999999991,70.21799816345262,6.256198347107438,19.0,12.74380165289256,G,2678.3514523287386,1.0,90.0,-69.06070610203057,34.53035305101528,2.0,0.0,85.67408429326149,28.55802809775383,2.0,90.0,66.17598955710292,22.058663185700976,4.47213595499958,63.43494882292201,-99.53283392066038,18.189027966259296,1.0,0.0,-30.82412647341397,15.412063236706985,0.709213514008148
53,1.0,0.0,20.0,189.0,3.0,0.0,0.0,226.0,1.0,90.0,0.0,188.0,2010,192.56567164179106,471.08308457711445,431,526,174,218,95,44,69.41592039800994,134.54999999999995,65.13407960199001,23.29900497512438,96.0,72.70099502487562,8.365671641791044,23.0,14.634328358208956,G,8675.561531875821,3.0,0.0,266.8183937823097,66.70459844557743,1.0,0.0,-123.46872144174148,61.73436072087074,2.0,90.0,-103.87106716164448,34.62368905388149,1.0,90.0,56.94611485005673,28.473057425028365,3.605551275463989,33.690067525979785,-129.3897105528693,28.094293780245415,0.696286488093478
54,1.0,0.0,2.0,80.0,1.0,0.0,0.0,249.0,5.0,36.86989764584402,0.0,246.0,2845,381.74446397188046,285.60878734622145,257,314,347,414,57,67,46.25799648506151,62.0,15.742003514938489,26.51072056239016,113.0,86.48927943760984,8.23409490333919,26.0,17.76590509666081,G,4039.0509224401867,1.0,0.0,-84.74735826923799,42.373679134618996,6.0,0.0,-145.70493895274703,20.814991278963863,1.0,90.0,38.9883038125528,19.4941519062764,1.4142135623730951,45.0,37.99886073424331,15.739643470850044,4.123105625617661,75.96375653207353,80.20914081154794,15.656351180906528,0.6285578667495992
55,1.0,90.0,18.0,255.0,3.0,90.0,0.0,243.0,3.0,0.0,0.0,111.0,1584,481.1161616161616,292.5896464646465,264,314,450,537,50,87,52.823232323232325,81.0,28.176767676767675,24.631944444444443,86.0,61.36805555555556,7.36300505050505,22.0,14.63699494949495,G,4828.047412224003,3.0,90.0,-104.78372895149654,26.195932237874135,1.0,90.0,50.504780646280274,25.252390323140137,3.605551275463989,33.690067525979785,96.96286207201072,21.053475745363865,2.0,90.0,-61.65557565646969,20.551858552156563,2.0,0.0,-58.70712893320639,19.569042977735464,0.7674009566814013
56,2.0,0.0,11.0,135.0,1.0,0.0,0.0,238.0,1.0,0.0,0.0,184.0,3681,380.027166530834,528.7791361043195,488,566,342,414,78,72,63.62157022548221,95.0,31.37842977451779,14.126596033686498,62.0,47.873403966313504,6.790002716653083,19.0,12.209997283346917,G,5191.93618385104,1.0,0.0,-127.78733466898247,63.893667334491234,1.0,90.0,67.5096192841763,33.75480964208815,1.4142135623730951,45.0,67.62832668486044,28.01257011346749,2.0,90.0,-67.13229350139848,22.377431167132826,5.0,0.0,92.71817652027785,15.453029420046308,0.6091927449795518
58,1.0,90.0,11.0,81.0,3.0,90.0,0.0,199.0,1.0,0.0,0.0,180.0,1476,425.4024390243902,287.98644986449864,262,322,410,447,60,37,41.86178861788618,62.0,20.138211382113823,22.57859078590786,92.0,69.42140921409214,7.72289972899729,26.25,18.52710027100271,G,3917.087527812144,3.0,90.0,103.33497621076337,25.833744052690843,1.0,90.0,-50.75736976278227,25.378684881391134,2.0,0.0,-71.35125434502363,23.78375144834121,2.23606797749979,63.43494882292201,76.26912158141319,23.56845471470574,3.605551275463989,33.690067525979785,-104.42604613842103,22.673951475635356,0.7869181356944797
68,1.0,90.0,0.0,103.0,2.23606797749979,63.43494882292201,0.0,223.0,1.0,90.0,0.0,154.0,4421,302.3530875367564,546.2112644198145,474,600,276,337,126,61,30.39877855688758,51.0,20.60122144311242,25.299479755711378,95.0,69.70052024428863,7.414612078715223,20.0,12.585387921284777,G,11984.607440588949,2.23606797749979,63.43494882292201,194.0727745353247,59.97178547691287,2.0,0.0,-167.75390968719006,55.91796989573002,2.23606797749979,26.56505117707799,136.00102296964195,42.02662734999694,5.0,0.0,222.35639696327996,37.059399493879994,5.0990195135927845,78.69006752597979,222.09187870553063,36.41435778497808,0.7408196154057185
70,2.0,0.0,0.0,111.0,1.0,90.0,0.0,189.0,1.0,90.0,0.0,255.0,2226,504.3126684636119,271.27358490566036,241,297,474,537,56,63,36.39353099730458,72.0,35.60646900269542,44.42273135669362,119.0,74.57726864330638,36.723270440251575,155.5,118.77672955974842,B,23809.444864860907,1.0,90.0,335.4428471307484,167.7214235653742,2.0,0.0,-432.4209754947275,144.14032516490917,2.8284271247461903,45.0,486.09584641495655,126.97011868736637,4.123105625617661,14.036243467926479,-393.6177369766724,76.83186054342114,6.4031242374328485,51.34019174590991,300.66998825163455,40.613932524776416,0.6984933325942155
76,1.0,90.0,0.0,179.0,1.0,90.0,0.0,137.0,1.0,90.0,0.0,222.0,592,498.00168918918916,628.3648648648649,622,637,471,528,15,57,19.00506756756757,106.0,86.99493243243244,10.224662162162161,63.79999999999973,53.575337837837566,20.048986486486488,112.3499999999998,92.30101351351331,B,7254.346799705605,1.0,90.0,397.9208289374224,198.9604144687112,2.0,90.0,300.9723057168196,100.32410190560654,1.0,0.0,133.1619793659113,66.58098968295565,1.4142135623730951,45.0,155.31095300608405,64.33190312021043,2.23606797749979,26.56505117707799,-163.78412609833376,50.61207837323448,0.5861969873301973
78,1.0,90.0,12.0,129.0,2.0,90.0,0.0,236.0,1.0,0.0,0.0,255.0,6822,482.45763705658163,361.22940486660804,308,409,432,542,101,110,55.67238346525946,86.0,30.327616534740542,24.579595426561127,96.0,71.42040457343887,8.507036059806508,28.0,19.49296394019349,G,8495.863285227893,2.0,90.0,128.93359985838737,42.97786661946245,1.0,0.0,70.80045613994737,35.400228069973686,1.0,90.0,-50.39070232685181,25.195351163425904,3.605551275463989,33.690067525979785,-106.23675072631204,23.067108446341017,2.23606797749979,26.56505117707799,-71.91683936793888,22.223525546426366,0.7112945805057199
80,1.0,90.0,19.0,87.0,1.0,90.0,0.0,190.0,1.0,0.0,0.0,182.0,1077,498.8226555246054,463.4317548746518,443,486,480,519,43,39,37.64159702878366,51.0,13.358402971216343,27.88765088207985,104.0,76.11234911792015,8.909935004642525,28.0,19.090064995357473,G,2483.471658792845,1.0,90.0,-64.59947710710884,32.29973855355442,2.0,0.0,84.97888301585346,28.326294338617817,2.0,90.0,-77.74995007855806,25.91665002618602,3.605551275463989,56.309932474020215,116.8182348160687,25.3646583935383,1.0,0.0,50.44117340069985,25.220586700349926,0.7644554320789428
86,1.4142135623730951,45.0,18.0,108.0,1.4142135623730951,45.0,0.0,204.0,2.23606797749979,63.43494882292201,0.0,187.0,894,443.84004474272933,402.6498881431767,377,424,422,543,47,121,66.10290827740492,88.0,21.89709172259508,21.478747203579417,92.0,70.52125279642058,8.017897091722595,28.34999999999991,20.332102908277314,G,2305.0992794185895,1.4142135623730951,45.0,46.78681678305142,19.37973405180504,1.0,90.0,35.790883917637686,17.895441958818843,4.123105625617661,75.96375653207353,-58.1608484925536,11.35265456986191,4.0,90.0,-48.20078925189387,9.640157850378774,2.23606797749979,26.56505117707799,30.82109006432453,9.52424061503712,0.714130449395857
92,2.0,0.0,12.0,77.0,1.0,0.0,0.0,169.0,1.0,90.0,0.0,169.0,1274,500.8916797488226,317.5761381475667,300,336,477,527,36,50,32.200156985871274,51.0,18.799843014128726,23.824175824175825,87.0,63.175824175824175,6.786499215070644,19.0,12.213500784929355,G,2762.313656261884,1.0,0.0,36.85641399730611,18.428206998653057,5.0990195135927845,11.309932474020213,97.29100079993216,15.951908431035728,6.0,0.0,95.63765030887265,13.662521472696094,5.830951894845301,59.03624346792648,-91.1239832329485,13.339866044395878,8.0,0.0,-109.87981962533365,12.208868847259295,0.749587396600949
96,1.0,0.0,8.0,98.0,1.0,0.0,0.0,156.0,1.0,0.0,0.0,249.0,710,499.35352112676054,474.16478873239436,461,487,457,543,26,86,39.05492957746479,58.0,18.94507042253521,25.38450704225352,98.0,72.61549295774648,10.05774647887324,23.0,12.94225352112676,G,1936.4543506050136,1.0,0.0,-30.55433701036555,15.277168505182775,3.0,90.0,46.41566993951814,11.603917484879535,2.0,90.0,-31.875367125875883,10.62512237529196,4.0,90.0,53.01507047941781,10.603014095883562,1.4142135623730951,45.0,25.38119230081551,10.513234080197366,0.7393973332662263
99,1.0,90.0,0.0,89.0,1.4142135623730951,45.0,0.0,133.0,2.0,0.0,0.0,255.0,1675,497.87462686567164,547.8161194029851,508,588,487,510,80,23,25.945671641791044,40.0,14.054328358208956,14.227462686567165,53.0,38.772537313432835,41.53671641791045,217.0,175.46328358208956,B,26112.680044316643,2.0,0.0,-1072.0975620994038,357.3658540331346,3.0,0.0,-617.3780900058391,154.34452250145978,1.0,0.0,303.0845904037407,151.54229520187036,3.1622776601683795,18.43494882292201,574.3289329947727,137.9842912669932,1.4142135623730951,45.0,-236.22947626489378,97.84945290121216,0.6025233529153597
102,1.0,90.0,0.0,255.0,3.1622776601683795,18.43494882292201,0.0,248.0,1.0,0.0,0.0,255.0,7623,154.1889020070838,529.5213170667716,468,600,89,219,132,130,93.54335563426473,212.0,118.45664436573527,32.46635182998819,138.0,105.53364817001182,11.692115964843238,35.0,23.30788403515676,R,113935.33337795766,1.0,90.0,1179.4362507621975,589.7181253810987,1.0,0.0,1011.668321675483,505.8341608377415,2.0,0.0,-729.1666546511526,243.0555515503842,3.0,0.0,-963.0066369139989,240.75165922849973,2.23606797749979,63.43494882292201,592.2562598371409,183.01724931462115,0.6653847557765136
103,1.0,0.0,0.0,117.0,1.0,90.0,0.0,219.0,1.0,0.0,0.0,109.0,1246,227.35232744783306,595.5272873194222,574,615,204,249,41,45,48.7239165329053,91.0,42.2760834670947,25.591492776886035,117.75,92.15850722311396,8.156500802568218,22.0,13.843499197431782,G,12491.749565003556,1.0,90.0,272.7362441242366,136.3681220621183,2.0,90.0,-359.6993811118756,119.89979370395854,1.0,0.0,161.49697132545333,80.74848566272667,4.0,90.0,323.22303369094743,64.64460673818948,3.1622776601683795,71.56505117707799,-237.90809342969578,57.15815062180919,0.7027845950851204
107,1.0,90.0,11.0,177.0,1.0,0.0,0.0,251.0,3.0,90.0,0.0,255.0,3975,395.651320754717,350.8817610062893,308,407,357,424,99,67,54.558238993710695,73.0,18.441761006289305,24.787169811320755,110.0,85.21283018867925,8.839245283018869,31.0,22.16075471698113,G,6626.224711003253,1.0,0.0,-115.1005983730852,57.5502991865426,1.0,90.0,-74.12657179059593,37.063285895297966,3.605551275463989,33.690067525979785,-134.91859006796295,29.29477536961533,3.605551275463989,56.309932474020215,-111.52196643492476,24.2146834905642,7.0710678118654755,45.0,136.95133775584367,16.968180784518765,0.651403039247723
120,1.0,90.0,0.0,212.0,1.0,90.0,0.0,239.0,1.0,90.0,0.0,215.0,16474,259.5163894621828,148.88976569139248,62,240,175,337,178,162,54.210999150176036,87.0,32.789000849823964,30.09457326696613,104.0,73.90542673303386,8.054267330338716,22.0,13.945732669661284,G,23447.488572430015,1.0,90.0,-143.06120232927924,71.53060116463962,2.0,90.0,-196.84515266574343,65.61505088858114,2.23606797749979,63.43494882292201,187.78689799942603,58.02934280277746,2.8284271247461903,45.0,143.34990839389616,37.44355154818304,3.0,0.0,-139.1958466095188,34.7989616523797,0.7325133956842111
124,1.0,90.0,2.0,169.0,1.0,90.0,0.0,249.0,1.0,90.0,0.0,176.0,3924,345.62589194699285,107.06422018348624,58,151,312,393,93,81,38.70183486238532,55.0,16.29816513761468,31.877420998980632,108.0,76.12257900101937,8.226044852191642,23.0,14.773955147808358,G,5669.062910109878,1.0,90.0,-96.65672183403987,48.328360917019936,1.0,0.0,-65.45334215850025,32.726671079250124,3.605551275463989,56.309932474020215,-138.25234271028015,30.018630657054583,3.1622776601683795,71.56505117707799,-115.60148024373831,27.773610912603505,2.0,0.0,-77.347783348196,25.78259444939867,0.7064423272663948
130,1.0,0.0,0.0,127.0,1.0,90.0,0.0,255.0,1.0,90.0,0.0,145.0,2644,302.03857791225414,363.85968229954614,306,437,274,337,131,63,56.597201210287444,87.84999999999991,31.252798789712465,17.77231467473525,83.0,65.22768532526476,6.768910741301059,22.0,15.23108925869894,G,11599.615454479888,1.0,90.0,174.94447200170794,87.47223600085397,1.0,0.0,-170.6000437114979,85.30002185574895,2.0,90.0,181.6784248857527,60.559474961917566,1.4142135623730951,45.0,-88.65038219833416,36.720190616108404,3.0,0.0,130.68593819946412,32.67148454986603,0.7110489850017341
132,1.0,90.0,0.0,161.0,1.0,90.0,0.0,244.0,1.0,90.0,0.0,255.0,4605,441.9483170466884,74.95179153094463,25,130,407,577,105,170,39.06666666666667,62.0,22.93333333333333,27.95613463626493,106.80000000000018,78.84386536373525,9.328121606948969,28.800000000000182,19.471878393051213,G,16119.738068286679,1.0,90.0,-193.19782917970284,96.59891458985142,1.4142135623730951,45.0,-196.37409168045923,81.34081207274379,2.23606797749979,26.56505117707799,-150.6904891245468,46.56592203015815,2.0,90.0,-114.28917653686864,38.096392178956215,5.0990195135927845,78.69006752597979,192.45869618465736,31.55567804886143,0.6716084318836615
134,1.0,90.0,0.0,179.0,5.0,0.0,0.0,253.0,2.0,0.0,0.0,255.0,9032,499.4749778565102,117.62189991142604,54,170,431,559,116,128,51.55989813994685,77.0,25.440101860053147,29.107285208148806,107.0,77.89271479185119,10.83846324180691,32.0,21.16153675819309,G,34891.48540775218,5.0,0.0,451.2310970855143,75.20518284758572,3.0,0.0,-297.9157308171892,74.4789327042973,2.0,0.0,191.66588348074686,63.88862782691562,4.0,0.0,-297.5285395854521,59.50570791709042,1.0,90.0,90.9892680328705,45.49463401643525,0.763931146996126
135,1.0,0.0,19.0,80.0,1.0,0.0,0.0,155.0,3.0,90.0,0.0,108.0,562,499.47508896797154,428.2224199288256,421,438,478,524,17,46,38.18149466192171,54.94999999999993,16.76850533807822,22.912811387900355,81.94999999999993,59.03718861209958,6.903914590747331,19.949999999999932,13.046085409252601,G,1066.9930565213413,1.0,0.0,-44.68230539511171,22.341152697555856,1.0,90.0,-43.55147384848552,21.77573692424276,2.0,90.0,52.56269120917009,17.520897069723365,2.0,0.0,-46.189351819926955,15.396450606642318,3.605551275463989,56.309932474020215,53.718314777207,11.663818631960646,0.7481212810892282
143,1.0,90.0,21.0,180.0,1.0,90.0,0.0,191.0,1.0,0.0,0.0,116.0,1855,492.5746630727763,447.4398921832884,429,470,444,546,41,102,61.62210242587601,103.0,41.37789757412399,19.88409703504043,83.0,63.115902964959574,6.773584905660377,22.0,15.226415094339622,G,2464.437169058422,1.0,90.0,-71.60315667434529,35.80157833717264,1.4142135623730951,45.0,-60.024761256496475,24.863070190647942,2.23606797749979,26.56505117707799,-56.14548693401486,17.349909620067155,2.23606797749979,63.43494882292201,47.609035072550626,14.71200092321105,3.605551275463989,33.690067525979785,63.61277972815481,13.812196613041964,0.6639572322083913
154,1.0,90.0,7.0,255.0,1.0,90.0,0.0,255.0,1.0,0.0,0.0,253.0,18076,156.72715202478423,254.73506306705022,148,350,74,236,202,162,103.89754370435938,173.0,69.10245629564062,30.31024562956406,105.25,74.93975437043594,8.344047355609648,22.0,13.655952644390352,G,40537.42815272674,1.0,90.0,-220.38841353614615,110.19420676807307,2.23606797749979,26.56505117707799,351.11019640787106,108.49901758835777,1.0,0.0,-162.52792367276842,81.26396183638421,4.123105625617661,75.96375653207353,151.15102199232018,29.50378794387962,3.0,0.0,108.27059914280656,27.06764978570164,0.6909246568879741
161,1.0,90.0,0.0,117.0,1.0,90.0,0.0,214.0,2.23606797749979,63.43494882292201,0.0,255.0,2078,405.4095283926853,594.0457170356111,563,623,366,559,60,193,37.6665062560154,84.14999999999986,46.48349374398446,15.801251203079884,74.0,58.198748796920114,20.96679499518768,109.14999999999986,88.18320500481218,B,8182.627664267491,2.23606797749979,63.43494882292201,-153.53958138506087,47.446339957199136,2.8284271247461903,45.0,-178.45171811506128,46.6122802655913,2.0,90.0,-122.52833080277486,40.84277693425829,1.4142135623730951,45.0,-76.11533280724134,31.528003153301153,3.605551275463989,33.690067525979785,-125.9928737763797,27.356741080618292,0.7551613360138328
163,2.0,0.0,17.0,105.0,2.23606797749979,26.56505117707799,0.0,200.0,1.0,0.0,0.0,172.0,725,409.73379310344825,421.9186206896552,406,448,369,434,42,65,62.48275862068966,83.0,20.51724137931034,21.368275862068966,91.79999999999995,70.43172413793098,8.702068965517242,32.59999999999991,23.897931034482667,G,2393.195654992588,2.23606797749979,26.56505117707799,-55.30709455867056,17.090832128131385,5.0,0.0,-79.40162847288238,13.233604745480397,3.0,0.0,50.69508473643392,12.67377118410848,2.0,0.0,-36.3765208254538,12.125506941817934,3.605551275463989,56.309932474020215,48.58372189077602,10.548948211608266,0.73975728571899
164,3.0,0.0,11.0,177.0,1.0,0.0,0.0,146.0,1.0,90.0,0.0,203.0,873,90.60481099656357,267.0618556701031,246,292,75,108,46,33,115.02978235967927,151.39999999999998,36.3702176403207,13.794959908361971,73.0,59.205040091638026,8.711340206185566,22.0,13.288659793814434,G,5811.501403224443,1.0,0.0,-220.72320349120108,110.36160174560054,2.23606797749979,26.56505117707799,122.02414939886161,37.70753588839576,2.23606797749979,63.43494882292201,118.68180397537247,36.674694351466286,3.0,0.0,122.62290504269137,30.655726260672843,3.605551275463989,33.690067525979785,-129.71845447379926,28.165673708785423,0.5468909874377049
165,1.0,90.0,10.0,102.0,4.242640687119285,45.0,0.0,180.0,2.0,90.0,0.0,216.0,2896,414.68473756906076,451.37776243093924,424,482,370,449,58,79,53.98687845303867,81.25,27.26312154696133,21.401588397790054,83.25,61.84841160220995,9.087707182320441,30.0,20.912292817679557,G,4634.32801486011,4.242640687119285,45.0,-140.47760748410178,26.795200332771827,1.0,0.0,-44.774511977092025,22.387255988546013,2.0,90.0,63.680100152619254,21.226700050873085,3.1622776601683795,71.56505117707799,85.68282139902945,20.585561174590946,2.8284271247461903,45.0,-68.64719301995946,17.930912822197314,0.7540046337854125
166,3.605551275463989,33.690067525979785,32.0,74.0,3.605551275463989,33.690067525979785,0.0,182.0,3.605551275463989,33.690067525979785,0.0,32.0,31,327.7096774193548,296.2903225806452,293,300,325,331,7,6,53.0,73.5,20.5,39.29032258064516,105.5,66.20967741935485,11.96774193548387,28.0,16.032258064516128,G,431.7312578944868,3.605551275463989,33.690067525979785,-91.96125677226622,19.967480823020807,3.605551275463989,56.309932474020215,61.71802964249403,13.400790904510384,4.47213595499958,26.56505117707799,72.55769549093259,13.259483332946205,4.123105625617661,75.96375653207353,-67.07429485928404,13.092506725585482,3.1622776601683795,18.43494882292201,51.19221922094779,12.29908799954419,0.722748388003202
168,2.0,0.0,0.0,123.0,1.0,90.0,0.0,225.0,4.242640687119285,45.0,0.0,173.0,1923,326.9854394175767,407.63390535621426,361,446,303,364,85,61,61.42901716068643,90.0,28.570982839313572,14.77483099323973,65.89999999999986,51.12516900676013,6.919916796671867,24.0,17.080083203328133,G,6141.7621444264205,1.0,90.0,86.75656069097968,43.37828034548984,4.242640687119285,45.0,164.71230558618583,31.4178131625289,3.605551275463989,56.309932474020215,95.15362367283663,20.660637127148327,2.23606797749979,26.56505117707799,-61.97293688871251,19.150690689938244,3.1622776601683795,18.43494882292201,-77.98014138789283,18.73496862886803,0.6746849943182884
170,1.0,90.0,10.0,147.0,4.0,0.0,0.0,255.0,2.23606797749979,26.56505117707799,0.0,219.0,6229,357.05137261197626,381.3148177877669,324,439,312,402,115,90,62.03387381602183,84.0,21.96612618397817,23.684218975758547,104.0,80.31578102424146,8.44918927596725,30.0,21.55081072403275,G,8807.644238177076,4.0,0.0,123.14544114775913,24.629088229551826,4.123105625617661,14.036243467926479,101.74805477767144,19.86062014198747,4.47213595499958,26.56505117707799,-105.76894115037125,19.328639131075715,3.605551275463989,33.690067525979785,-77.85505232512105,16.9046109072529,3.1622776601683795,18.43494882292201,61.164106732387,14.694864621288307,0.7418816794687315
174,1.0,0.0,6.0,196.0,1.0,90.0,0.0,219.0,1.0,0.0,0.0,255.0,4347,486.9390384172993,584.3636991028295,559,611,418,557,52,139,53.9447895100069,114.0,60.0552104899931,27.814814814814813,97.0,69.18518518518519,9.65930526800092,23.0,13.34069473199908,G,12454.053629488088,1.0,90.0,151.24938585781806,75.62469292890903,2.0,90.0,-194.28416924875876,64.76138974958626,4.47213595499958,26.56505117707799,265.5202699319857,48.522235579581114,3.605551275463989,33.690067525979785,206.57701225345272,44.853916479876986,2.0,0.0,-131.12255195950453,43.70751731983484,0.7274488755330751
176,1.0,90.0,7.0,255.0,1.0,0.0,0.0,235.0,1.0,0.0,0.0,255.0,9153,113.01627881568885,378.6487490440293,323,426,64,169,103,105,108.41855129465749,187.0,78.58144870534251,27.544411668305475,102.0,74.45558833169453,9.108379766196876,24.0,14.891620233803124,R,93386.156127359,1.0,90.0,1702.6689995735753,851.3344997867877,3.0,0.0,-1040.260539793481,260.06513494837026,2.23606797749979,26.56505117707799,-777.9446396530789,240.39811433569596,2.0,0.0,-558.4789057479377,186.15963524931257,1.0,0.0,309.7751621610877,154.88758108054384,0.4970983656585056
177,1.0,90.0,19.0,59.0,2.8284271247461903,45.0,0.0,132.0,1.0,90.0,0.0,109.0,281,498.93950177935943,475.5836298932384,461,489,493,506,28,13,35.79359430604982,49.0,13.206405693950181,24.01423487544484,81.0,56.98576512455516,8.604982206405694,26.0,17.395017793594306,G,985.8828424768438,2.8284271247461903,45.0,-93.98241650140591,24.5485713686235,1.4142135623730951,45.0,52.560967874385085,21.771465745026852,1.0,0.0,-35.187648303774104,17.593824151887052,2.0,0.0,37.79609946031973,12.598699820106576,2.23606797749979,63.43494882292201,-40.67911320777943,12.570537297306226,0.7244306516698134
178,1.0,0.0,19.0,170.0,1.0,0.0,0.0,179.0,1.0,0.0,0.0,226.0,1966,377.0178026449644,471.733977619532,443,495,333,426,52,93,62.13072227873855,87.0,24.869277721261447,17.604272634791453,78.0,60.39572736520854,7.097151576805697,19.0,11.902848423194303,G,6966.269032664298,1.0,0.0,-147.1063114940413,73.55315574702065,1.0,90.0,-114.67710648394923,57.338553241974616,3.605551275463989,33.690067525979785,-101.84551173998135,22.113641917865923,3.0,0.0,88.06334941838907,22.015837354597267,2.23606797749979,26.56505117707799,-56.51939474319858,17.465453487434427,0.617879167724408
