class,R_mean,R_contrast,G_mean,G_contrast,B_mean,B_contrast,shared_freq,shared_angle,curve_complexity,area_frac,aspect_ratio,fill_fraction
3,34.351502445842065,13.648497554157935,25.39308176100629,70.60691823899371,12.251921733053809,23.74807826694619,1.0,90.0,0.6118555828497068,0.0069873046875,0.7926829268292683,0.5369606003752345
13,45.262555066079294,44.737444933920706,27.49295154185022,66.50704845814978,28.74625550660793,66.8037444933918,2.0,0.0,0.7029162451926655,0.0055419921875,2.7027027027027026,0.6135135135135135
14,51.51087547580207,28.489124524197933,31.553289831430124,91.44671016856988,8.36568787384448,15.63431212615552,1.0,90.0,0.5782411226706798,0.0089794921875,0.5188679245283019,0.6308747855917667
15,29.741442542787286,18.258557457212714,23.358190709046454,64.89180929095355,8.64119804400978,12.60880195599022,1.0,90.0,0.6514215212663788,0.003994140625,0.8269230769230769,0.7316636851520573
18,64.1235847769745,52.876415223025504,20.868503614786523,56.13149638521348,9.197517391897422,22.80248260810258,1.0,0.0,0.7739419841407373,0.01789794921875,0.5595854922279793,0.35170792554212243
19,40.35174013921114,30.648259860788862,24.591183294663573,61.40881670533643,8.435266821345708,14.564733178654292,1.0,90.0,0.7295610437930311,0.00526123046875,0.782608695652174,0.5783682232957595
20,49.88278092158448,26.117219078415523,24.444624090541634,64.55537590945836,7.867421180274858,17.13257881972514,1.0,90.0,0.7156405261169748,0.00302001953125,0.31683168316831684,0.38273514851485146
21,47.50804289544236,28.491957104557642,27.099195710455763,64.90080428954424,8.82372654155496,17.626273458445084,2.0,0.0,0.7048721577000548,0.003642578125,2.5517241379310347,0.6952469711090401
23,31.966131907308377,13.033868092691623,34.58288770053476,70.41711229946523,10.35650623885918,23.643493761140817,2.0,90.0,0.7431084574379949,0.00136962890625,1.0,0.667063020214031
24,41.20051413881748,28.799485861182518,31.825192802056556,77.47480719794339,10.394601542416453,15.755398457583524,1.0,90.0,0.4876499074035575,0.0018994140625,0.9705882352941176,0.6934046345811051
25,36.475895704370664,20.524104295629336,28.43125117238792,92.56874882761208,16.501406865503657,50.498593134496346,2.0,90.0,0.6355755401020042,0.01301513671875,2.2816901408450705,0.4634846113719353
27,105.5982404692082,35.40175953079179,21.19648093841642,67.80351906158359,7.13782991202346,7.86217008797654,1.0,0.0,0.6708084592013243,0.00083251953125,0.6296296296296297,0.7429193899782135
28,42.7196261682243,20.280373831775698,22.80373831775701,57.7962616822429,22.80607476635514,110.84392523364484,1.0,0.0,0.7397416241622244,0.001044921875,1.1666666666666667,0.6369047619047619
31,47.17320913728099,32.82679086271901,24.751829673985362,62.24817032601464,8.162563761366156,12.437436238633298,1.0,90.0,0.466576955990874,0.01100830078125,2.3846153846153846,0.6992866004962779
34,80.63463687150838,82.66536312849158,27.95418994413408,73.04581005586593,12.09050279329609,25.209497206703865,1.0,0.0,0.6903678914267445,0.00218505859375,0.5,0.6138545953360768
35,75.55846422338568,29.841535776614293,18.44153577661431,70.95846422338568,7.322862129144852,12.677137870855148,2.0,0.0,0.7182515845432507,0.00139892578125,0.8333333333333334,0.2984375
37,36.21341463414634,21.436585365853638,16.222560975609756,42.427439024390225,50.2530487804878,155.99695121951208,1.0,0.0,0.5352469535176432,0.00080078125,1.3461538461538463,0.36043956043956044
38,55.99553470067358,45.00446529932642,16.72852493756149,53.27147506243851,10.426284719594339,24.57371528040566,1.0,90.0,0.6549394002100888,0.0645166015625,0.9155251141552512,0.15045719035743974
39,31.410712481051036,15.589287518948964,28.686508337544215,124.31349166245579,10.869226882263769,20.130773117736233,2.23606797749979,63.43494882292201,0.7312467645328387,0.02415771484375,2.2,0.40795712224283653
41,75.01264755480607,43.987352445193935,20.04468802698145,58.45531197301855,10.863406408094436,27.136593591905566,1.0,90.0,0.7478207971126223,0.0028955078125,0.7222222222222222,0.5631528964862298
51,40.853994490358126,23.146005509641874,24.382001836547293,70.21799816345262,6.256198347107438,12.74380165289256,1.0,90.0,0.709213514008148,0.00265869140625,0.39344262295081966,0.7438524590163934
53,69.41592039800994,65.13407960199001,23.29900497512438,72.70099502487562,8.365671641791044,14.634328358208956,3.0,0.0,0.696286488093478,0.0049072265625,0.4631578947368421,0.48086124401913877
54,46.25799648506151,15.742003514938489,26.51072056239016,86.48927943760984,8.23409490333919,17.76590509666081,1.0,0.0,0.6285578667495992,0.00694580078125,1.1754385964912282,0.7449594134590207
55,52.823232323232325,28.176767676767675,24.631944444444443,61.36805555555556,7.36300505050505,14.63699494949495,3.0,90.0,0.7674009566814013,0.0038671875,1.74,0.3641379310344828
56,63.62157022548221,31.37842977451779,14.126596033686498,47.873403966313504,6.790002716653083,12.209997283346917,1.0,0.0,0.6091927449795518,0.00898681640625,0.9230769230769231,0.655448717948718
58,41.86178861788618,20.138211382113823,22.57859078590786,69.42140921409214,7.72289972899729,18.52710027100271,3.0,90.0,0.7869181356944797,0.003603515625,0.6166666666666667,0.6648648648648648
68,30.39877855688758,20.60122144311242,25.299479755711378,69.70052024428863,7.414612078715223,12.585387921284777,2.23606797749979,63.43494882292201,0.7408196154057185,0.01079345703125,0.48412698412698413,0.5752016653655998
70,36.39353099730458,35.60646900269542,44.42273135669362,74.57726864330638,36.723270440251575,118.77672955974842,1.0,90.0,0.6984933325942155,0.0054345703125,1.125,0.6309523809523809
76,19.00506756756757,86.99493243243244,10.224662162162161,53.575337837837566,20.048986486486488,92.30101351351331,1.0,90.0,0.5861969873301973,0.0014453125,3.8,0.6923976608187135
78,55.67238346525946,30.327616534740542,24.579595426561127,71.42040457343887,8.507036059806508,19.49296394019349,2.0,90.0,0.7112945805057199,0.0166552734375,1.0891089108910892,0.6140414041404141
80,37.64159702878366,13.358402971216343,27.88765088207985,76.11234911792015,8.909935004642525,19.090064995357473,1.0,90.0,0.7644554320789428,0.00262939453125,0.9069767441860465,0.6422182468694096
86,66.10290827740492,21.89709172259508,21.478747203579417,70.52125279642058,8.017897091722595,20.332102908277314,1.4142135623730951,45.0,0.714130449395857,0.0021826171875,2.574468085106383,0.1572006330226833
92,32.200156985871274,18.799843014128726,23.824175824175825,63.175824175824175,6.786499215070644,12.213500784929355,1.0,0.0,0.749587396600949,0.0031103515625,1.3888888888888888,0.7077777777777777
96,39.05492957746479,18.94507042253521,25.38450704225352,72.61549295774648,10.05774647887324,12.94225352112676,1.0,0.0,0.7393973332662263,0.0017333984375,3.3076923076923075,0.31753130590339895
99,25.945671641791044,14.054328358208956,14.227462686567165,38.772537313432835,41.53671641791045,175.46328358208956,2.0,0.0,0.6025233529153597,0.00408935546875,0.2875,0.9103260869565217
102,93.54335563426473,118.45664436573527,32.46635182998819,105.53364817001182,11.692115964843238,23.30788403515676,1.0,90.0,0.6653847557765136,0.01861083984375,0.9848484848484849,0.4442307692307692
103,48.7239165329053,42.2760834670947,25.591492776886035,92.15850722311396,8.156500802568218,13.843499197431782,1.0,90.0,0.7027845950851204,0.0030419921875,1.0975609756097562,0.6753387533875339
107,54.558238993710695,18.441761006289305,24.787169811320755,85.21283018867925,8.839245283018869,22.16075471698113,1.0,0.0,0.651403039247723,0.00970458984375,0.6767676767676768,0.5992763455450023
120,54.210999150176036,32.789000849823964,30.09457326696613,73.90542673303386,8.054267330338716,13.945732669661284,1.0,90.0,0.7325133956842111,0.0402197265625,0.9101123595505618,0.5712997641836594
124,38.70183486238532,16.29816513761468,31.877420998980632,76.12257900101937,8.226044852191642,14.773955147808358,1.0,90.0,0.7064423272663948,0.009580078125,0.8709677419354839,0.5209080047789725
130,56.597201210287444,31.252798789712465,17.77231467473525,65.22768532526476,6.768910741301059,15.23108925869894,1.0,90.0,0.7110489850017341,0.006455078125,0.48091603053435117,0.32036835090270205
132,39.06666666666667,22.93333333333333,27.95613463626493,78.84386536373525,9.328121606948969,19.471878393051213,1.0,90.0,0.6716084318836615,0.01124267578125,1.619047619047619,0.25798319327731095
134,51.55989813994685,25.440101860053147,29.107285208148806,77.89271479185119,10.83846324180691,21.16153675819309,5.0,0.0,0.763931146996126,0.02205078125,1.103448275862069,0.6082974137931034
135,38.18149466192171,16.76850533807822,22.912811387900355,59.03718861209958,6.903914590747331,13.046085409252601,1.0,0.0,0.7481212810892282,0.0013720703125,2.7058823529411766,0.7186700767263428
143,61.62210242587601,41.37789757412399,19.88409703504043,63.115902964959574,6.773584905660377,15.226415094339622,1.0,90.0,0.6639572322083913,0.00452880859375,2.4878048780487805,0.44356767097082733
154,103.89754370435938,69.10245629564062,30.31024562956406,74.93975437043594,8.344047355609648,13.655952644390352,1.0,90.0,0.6909246568879741,0.044130859375,0.801980198019802,0.5523774599682191
161,37.6665062560154,46.48349374398446,15.801251203079884,58.198748796920114,20.96679499518768,88.18320500481218,2.23606797749979,63.43494882292201,0.7551613360138328,0.0050732421875,3.216666666666667,0.17944732297063903
163,62.48275862068966,20.51724137931034,21.368275862068966,70.43172413793098,8.702068965517242,23.897931034482667,2.23606797749979,26.56505117707799,0.73975728571899,0.00177001953125,1.5476190476190477,0.26556776556776557
164,115.02978235967927,36.3702176403207,13.794959908361971,59.205040091638026,8.711340206185566,13.288659793814434,1.0,0.0,0.5468909874377049,0.00213134765625,0.717391304347826,0.575098814229249
165,53.98687845303867,27.26312154696133,21.401588397790054,61.84841160220995,9.087707182320441,20.912292817679557,4.242640687119285,45.0,0.7540046337854125,0.0070703125,1.3620689655172413,0.6320384111741597
166,53.0,20.5,39.29032258064516,66.20967741935485,11.96774193548387,16.032258064516128,3.605551275463989,33.690067525979785,0.722748388003202,7.568359375e-05,0.8571428571428571,0.7380952380952381
168,61.42901716068643,28.570982839313572,14.77483099323973,51.12516900676013,6.919916796671867,17.080083203328133,1.0,90.0,0.6746849943182884,0.00469482421875,0.7176470588235294,0.370877531340405
170,62.03387381602183,21.96612618397817,23.684218975758547,80.31578102424146,8.44918927596725,21.55081072403275,4.0,0.0,0.7418816794687315,0.01520751953125,0.782608695652174,0.6018357487922705
174,53.9447895100069,60.0552104899931,27.814814814814813,69.18518518518519,9.65930526800092,13.34069473199908,1.0,90.0,0.7274488755330751,0.01061279296875,2.673076923076923,0.6014111787493083
176,108.41855129465749,78.58144870534251,27.544411668305475,74.45558833169453,9.108379766196876,14.891620233803124,1.0,90.0,0.4970983656585056,0.02234619140625,1.0194174757281553,0.8463245492371706
177,35.79359430604982,13.206405693950181,24.01423487544484,56.98576512455516,8.604982206405694,17.395017793594306,2.8284271247461903,45.0,0.7244306516698134,0.00068603515625,0.4642857142857143,0.771978021978022
178,62.13072227873855,24.869277721261447,17.604272634791453,60.39572736520854,7.097151576805697,11.902848423194303,1.0,0.0,0.617879167724408,0.0047998046875,1.7884615384615385,0.4065343258891646
